code_insee;commune;dept;statut;commune_prelevement;date_derniere_complete;mois_ecoules;nb_parametres;nb_controles_depuis;dernier_controle;mediane_taille_controle;nb_depassements_alors;substances_abandonnees;detail_abandons
69102;Joux;69;analysee;;2016-04-13;124;226;59;2026-03-05;21;0;0;
65400;Salles;65;analysee;;2016-05-11;123;287;69;2026-04-15;17;0;0;
09227;Péreille;09;analysee;;2016-05-17;122;327;60;2026-04-16;17;0;0;
09133;Génat;09;analysee;;2016-07-18;120;323;41;2026-02-18;18;1;0;
09222;Orus;09;analysee;;2016-07-18;120;324;40;2026-04-08;18;0;0;
28284;Oinville-Saint-Liphard;28;analysee;;2016-09-09;119;651;34;2026-04-03;18;4;3;Atrazine (dernière mesure jamais depuis) | Atrazine déséthyl (dernière mesure jamais depuis) | Total des pesticides analysés (dernière mesure jamais depuis)
09228;Perles-et-Castelet;09;analysee;;2016-09-06;119;323;40;2026-04-09;18;0;0;
09330;Vernaux;09;analysee;;2016-09-06;119;323;40;2026-03-19;18;0;0;
28313;Réclainville;28;analysee;;2016-09-29;118;651;41;2026-05-19;18;4;3;Atrazine (dernière mesure 2020-09-11, 71 mois) | Atrazine déséthyl (dernière mesure 2020-09-11, 71 mois) | Total des pesticides analysés (dernière mesure 2020-09-11, 71 mois)
09090;Cazaux;09;analysee;;2016-12-06;116;324;85;2026-05-13;17;0;0;
09088;Caychax-et-Senconac;09;analysee;;2017-05-09;111;323;61;2026-04-09;18;0;0;
09064;Bouan;09;analysee;;2017-07-03;109;324;37;2026-05-11;18;0;0;
28121;Dambron;28;analysee;;2017-07-11;109;650;36;2026-05-18;18;2;1;Atrazine déséthyl (dernière mesure 2020-10-08, 70 mois)
09263;Saint-Jean-du-Castillonnais;09;analysee;;2017-07-03;109;324;43;2026-05-07;18;0;0;
65055;Ayros-Arbouix;65;rattachee_reseau;Préchac;2017-09-07;107;289;122;2026-05-13;17;0;0;
65371;Préchac;65;analysee;;2017-09-07;107;289;47;2026-04-16;17;0;0;
09262;Saint-Jean-d'Aigues-Vives;09;analysee;;2017-09-05;107;324;62;2025-12-01;18;0;0;
65467;Vier-Bordes;65;rattachee_reseau;Préchac;2017-09-07;107;289;135;2026-05-21;17;0;0;
31430;Ponlat-Taillebourg;31;analysee;;2017-09-26;106;292;20;2026-01-28;19;0;0;
71520;Sevrey;71;analysee;;2017-11-09;105;680;55;2026-01-26;20;0;0;
65239;Labastide;65;analysee;;2017-11-20;104;289;155;2026-05-26;17;3;0;
09070;Les Cabannes;09;rattachee_reseau;Aulos-Sinsat;2017-11-20;104;323;27;2026-02-04;18;0;0;
28172;Gas;28;analysee;;2018-01-25;102;660;70;2026-04-22;18;4;4;Atrazine déséthyl (dernière mesure jamais depuis) | ESA metazachlore (dernière mesure jamais depuis) | OXA metazachlore (dernière mesure jamais depuis) | Total des pesticides analysés (dernière mesure jamais depuis)
81036;Bout-du-Pont-de-Larn;81;analysee;;2018-02-22;101;627;69;2026-05-21;19;0;0;
28283;Nottonville;28;analysee;;2018-03-08;101;656;30;2026-04-07;18;7;5;Atrazine (dernière mesure 2018-09-25, 94 mois) | Atrazine déséthyl (dernière mesure 2018-09-25, 94 mois) | Atrazine déséthyl déisopropyl (dernière mesure jamais depuis) | ESA alachlore (dernière mesure 2018-09-25, 94 mois) | Total des pesticides analysés (dernière mesure 2018-09-25, 94 mois)
28411;Villars;28;analysee;;2018-02-22;101;638;34;2026-04-09;18;2;2;Atrazine déséthyl (dernière mesure 2021-02-25, 65 mois) | Atrazine déséthyl déisopropyl (dernière mesure jamais depuis)
09160;Lavelanet;09;analysee;;2018-04-03;100;330;148;2026-05-28;19;0;0;
09296;Aulos-Sinsat;09;analysee;;2018-04-17;99;323;63;2026-04-01;18;0;0;
09096;Château-Verdun;09;rattachee_reseau;Aulos-Sinsat;2018-04-17;99;323;8;2025-08-04;18;0;0;
28400;Varize;28;analysee;;2018-04-24;99;637;28;2026-05-27;18;6;4;Atrazine déséthyl (dernière mesure 2019-07-11, 85 mois) | Atrazine déséthyl déisopropyl (dernière mesure jamais depuis) | ESA alachlore (dernière mesure 2019-07-11, 85 mois) | Total des pesticides analysés (dernière mesure 2019-07-11, 85 mois)
09108;Durban-sur-Arize;09;rattachee_reseau;La Bastide-de-Sérou;2018-09-04;95;276;20;2026-05-27;18;0;0;
28215;Louville-la-Chenard;28;analysee;;2018-08-31;95;655;31;2026-04-01;18;5;3;Atrazine déséthyl (dernière mesure 2019-09-18, 82 mois) | ESA metolachlore (dernière mesure 2019-02-13, 90 mois) | Total des pesticides analysés (dernière mesure 2019-09-18, 82 mois)
09212;Montseron;09;rattachee_reseau;La Bastide-de-Sérou;2018-09-04;95;276;14;2026-02-12;18;0;0;
09002;Aigues-Vives;09;rattachee_reseau;Laroque-d'Olmes;2018-10-08;94;330;13;2026-05-13;19;0;0;
09157;Laroque-d'Olmes;09;analysee;;2018-10-08;94;330;35;2026-04-02;19;0;0;
09169;Limbrassac;09;rattachee_reseau;Laroque-d'Olmes;2018-10-08;94;330;8;2026-05-04;19;0;0;
09161;Léran;09;rattachee_reseau;Laroque-d'Olmes;2018-10-08;94;330;18;2026-02-16;19;0;0;
09233;Pradettes;09;rattachee_reseau;Laroque-d'Olmes;2018-10-08;94;330;10;2026-04-16;19;0;0;
09242;Raissac;09;rattachee_reseau;Laroque-d'Olmes;2018-10-08;94;330;8;2025-08-01;19;0;0;
09266;Saint-Julien-de-Gras-Capou;09;rattachee_reseau;Laroque-d'Olmes;2018-10-08;94;330;8;2026-03-19;19;0;0;
09274;Saint-Quentin-la-Tour;09;rattachee_reseau;Laroque-d'Olmes;2018-10-08;94;330;9;2026-02-26;19;0;0;
09305;Tabre;09;rattachee_reseau;Laroque-d'Olmes;2018-10-08;94;330;10;2026-04-09;19;0;0;
09316;Troye-d'Ariège;09;rattachee_reseau;Laroque-d'Olmes;2018-10-08;94;330;9;2026-01-19;19;0;0;
28319;Neuville Saint Denis;28;analysee;;2018-10-16;93;655;70;2026-05-22;18;4;2;Atrazine déséthyl (dernière mesure 2023-10-04, 34 mois) | Total des pesticides analysés (dernière mesure 2023-10-04, 34 mois)
28300;Poinville;28;analysee;;2018-10-16;93;655;25;2026-05-18;18;3;1;Atrazine déséthyl (dernière mesure jamais depuis)
28302;Pontgouin;28;analysee;;2018-10-24;93;659;62;2026-05-20;18;0;0;
31015;Argut-Dessous;31;analysee;;2019-01-08;91;286;53;2026-02-26;18;1;0;
65218;Hèches;65;analysee;;2019-01-09;91;289;132;2026-05-19;18;0;0;
28392;Trancrainville;28;analysee;;2018-12-21;91;655;27;2026-03-20;18;0;0;
65078;Beaudéan;65;analysee;;2019-02-05;90;289;79;2026-03-26;17;0;0;
31064;Benque-Dessous-et-Dessus;31;analysee;;2019-02-28;89;286;42;2026-05-06;18;0;0;
82122;Montbarla;82;analysee;;2019-03-04;89;292;34;2026-01-06;14;2;1;ESA metolachlore (dernière mesure 2020-12-29, 67 mois)
28264;Montireau;28;rattachee_reseau;Montlandon;2019-02-25;89;659;7;2026-02-20;18;0;0;
28265;Montlandon;28;analysee;;2019-02-25;89;659;16;2026-05-05;18;0;0;
31125;Cathervielle;31;analysee;;2019-04-08;88;286;30;2026-05-27;18;0;0;
65465;Vielle-Aure;65;analysee;;2019-03-14;88;289;84;2026-05-19;17;0;0;
09282;Saverdun;09;analysee;;2019-04-23;87;330;107;2026-05-21;19;0;0;
69269;Yzeron;69;analysee;;2019-04-29;87;226;34;2026-05-27;19;0;0;
31242;Jurvielle;31;analysee;;2019-06-05;86;286;27;2026-01-27;18;0;0;
65199;Germ;65;analysee;;2019-06-25;85;282;125;2026-05-06;17;0;0;
09325;Vaychis;09;analysee;;2019-07-30;84;323;28;2026-04-02;18;0;0;
31585;Villeneuve-de-Rivière;31;analysee;;2019-07-23;84;292;10;2026-01-28;19;0;0;
65024;Argelès-Bagnères;65;rattachee_reseau;Lies;2019-09-10;83;289;8;2025-12-01;17;0;0;
65037;Artiguemy;65;rattachee_reseau;Lies;2019-09-10;83;289;7;2025-10-03;17;0;0;
65060;Banios;65;rattachee_reseau;Fréchendets;2019-09-10;83;289;6;2026-02-09;17;0;0;
65071;Batsère;65;rattachee_reseau;Fréchendets;2019-09-10;83;289;8;2026-02-16;17;0;0;
65091;Bettes;65;rattachee_reseau;Fréchendets;2019-09-10;83;289;7;2025-09-08;17;0;0;
65096;Bonnemazon;65;rattachee_reseau;Fréchendets;2019-09-10;83;289;6;2025-09-22;17;0;0;
65105;Bourg-de-Bigorre;65;rattachee_reseau;Fréchendets;2019-09-10;83;289;7;2025-05-19;17;0;0;
65135;Castillon;65;rattachee_reseau;Fréchendets;2019-09-10;83;289;8;2025-10-27;17;0;0;
65143;Chelle-Spou;65;rattachee_reseau;Lies;2019-09-10;83;289;6;2025-08-27;17;0;0;
65147;Cieutat;65;rattachee_reseau;Lies;2019-09-10;83;289;8;2026-02-16;17;0;0;
65162;Esconnets;65;rattachee_reseau;Fréchendets;2019-09-10;83;289;8;2025-12-01;17;0;0;
65163;Escots;65;rattachee_reseau;Fréchendets;2019-09-10;83;289;10;2025-12-26;17;0;0;
65167;Espieilh;65;rattachee_reseau;Fréchendets;2019-09-10;83;289;8;2025-07-23;17;0;0;
65179;Fréchendets;65;analysee;;2019-09-10;83;289;30;2026-03-16;26;0;0;
65216;Hauban;65;rattachee_reseau;Lies;2019-09-10;83;289;9;2026-01-05;17;0;0;
65275;Lies;65;analysee;;2019-09-10;83;289;40;2025-11-18;26;0;0;
65300;Marsas;65;rattachee_reseau;Fréchendets;2019-09-10;83;289;14;2026-04-27;25;0;0;
65310;Mérilheu;65;rattachee_reseau;Lies;2019-09-10;83;289;7;2025-05-27;17;0;0;
65367;Poumarous;65;rattachee_reseau;Lies;2019-09-10;83;289;7;2026-04-15;17;0;0;
65356;Péré;65;rattachee_reseau;Lies;2019-09-10;83;289;11;2026-05-21;17;0;0;
65378;Ricaud;65;rattachee_reseau;Lies;2019-09-10;83;289;8;2026-03-23;17;0;0;
65405;Sarlabous;65;rattachee_reseau;Fréchendets;2019-09-10;83;289;8;2026-05-26;17;0;0;
65459;Uzer;65;rattachee_reseau;Lies;2019-09-10;83;289;6;2025-07-23;17;0;0;
65473;Villelongue;65;analysee;;2019-09-12;83;287;86;2026-04-14;17;0;0;
65020;Arcizac-ez-Angles;65;rattachee_reseau;Arrodets-ez-Angles;2019-09-16;82;289;7;2026-04-14;17;0;0;
65025;Argelès-Gazost;65;analysee;;2019-09-16;82;287;146;2026-05-12;18;0;0;
65033;Arrodets-ez-Angles;65;analysee;;2019-09-16;82;289;104;2026-04-28;18;0;0;
65107;Bourréac;65;analysee;;2019-10-01;82;289;28;2026-05-06;26;0;0;
65080;Bénac;65;rattachee_reseau;Arrodets-ez-Angles;2019-09-16;82;289;6;2025-05-19;17;0;0;
65164;Escoubès-Pouts;65;rattachee_reseau;Arrodets-ez-Angles;2019-09-16;82;289;19;2026-05-29;17;0;0;
65236;Julos;65;rattachee_reseau;Bourréac;2019-10-01;82;289;13;2025-12-18;17;0;0;
71363;Le Puley;71;analysee;;2019-09-23;82;427;34;2026-04-15;19;0;0;
65281;Loucrup;65;rattachee_reseau;Arrodets-ez-Angles;2019-09-16;82;289;6;2025-11-26;17;0;0;
65284;Louey;65;rattachee_reseau;Arrodets-ez-Angles;2019-09-16;82;289;6;2025-10-22;17;0;0;
31564;Valcabrère;31;rattachee_reseau;Ferrère;2019-09-24;82;289;27;2026-04-28;18;0;0;
65479;Visker;65;rattachee_reseau;Arrodets-ez-Angles;2019-09-16;82;289;7;2026-01-20;17;0;0;
65010;Angos;65;rattachee_reseau;Luc;2019-11-12;81;289;7;2025-12-08;17;0;0;
65063;Barbazan-Dessus;65;rattachee_reseau;Luc;2019-11-12;81;289;10;2026-01-05;17;0;0;
65101;Bordes;65;rattachee_reseau;Luc;2019-11-12;81;289;8;2026-01-12;17;0;0;
65103;Bouilh-Péreuilh;65;rattachee_reseau;Luc;2019-11-12;81;289;8;2026-01-28;17;0;0;
65120;Calavanté;65;rattachee_reseau;Luc;2019-11-12;81;289;8;2026-02-04;17;0;0;
65131;Castelvieilh;65;rattachee_reseau;Luc;2019-11-12;81;289;6;2025-12-23;17;0;0;
65133;Castéra-Lou;65;rattachee_reseau;Luc;2019-11-12;81;289;7;2025-08-08;17;0;0;
65151;Collongues;65;rattachee_reseau;Luc;2019-11-12;81;289;6;2025-11-03;17;0;0;
65153;Coussan;65;rattachee_reseau;Luc;2019-11-12;81;289;6;2025-11-17;17;0;0;
65181;Fréchou-Fréchet;65;rattachee_reseau;Luc;2019-11-12;81;289;6;2025-11-26;17;0;0;
65222;Hitte;65;rattachee_reseau;Luc;2019-11-12;81;289;7;2026-05-07;17;0;0;
65225;Hourc;65;rattachee_reseau;Luc;2019-11-12;81;289;7;2026-05-29;17;0;0;
65242;Lacassagne;65;rattachee_reseau;Luc;2019-11-12;81;289;7;2026-05-11;17;0;0;
65259;Lansac;65;rattachee_reseau;Luc;2019-11-12;81;289;7;2025-09-08;17;0;0;
65265;Laslades;65;rattachee_reseau;Luc;2019-11-12;81;289;6;2025-09-01;17;0;0;
65269;Lescurry;65;rattachee_reseau;Luc;2019-11-12;81;289;7;2025-09-19;17;0;0;
65270;Lespouey;65;rattachee_reseau;Luc;2019-11-12;81;289;10;2026-03-05;17;0;0;
65272;Lhez;65;rattachee_reseau;Luc;2019-11-12;81;289;7;2026-03-26;17;0;0;
65285;Louit;65;rattachee_reseau;Luc;2019-11-12;81;289;7;2026-03-30;17;0;0;
65290;Luc;65;analysee;;2019-11-12;81;289;42;2026-02-09;26;0;0;
65297;Mansan;65;rattachee_reseau;Luc;2019-11-12;81;289;8;2026-02-24;17;0;0;
65298;Marquerie;65;rattachee_reseau;Luc;2019-11-12;81;289;5;2025-07-07;17;0;0;
65303;Mascaras;65;rattachee_reseau;Luc;2019-11-12;81;289;8;2025-07-24;17;0;0;
65311;Mingot;65;rattachee_reseau;Luc;2019-11-12;81;289;6;2025-05-06;17;0;0;
65321;Montignac;65;rattachee_reseau;Luc;2019-11-12;81;289;6;2025-05-27;17;0;0;
65333;Oléac-Dessus;65;rattachee_reseau;Luc;2019-11-12;81;289;7;2025-05-12;17;0;0;
65338;Orignac;65;rattachee_reseau;Luc;2019-11-12;81;289;7;2025-10-09;17;0;0;
65346;Oueilloux;65;rattachee_reseau;Luc;2019-11-12;81;289;6;2025-10-20;17;0;0;
65361;Peyrun;65;rattachee_reseau;Luc;2019-11-12;81;289;8;2026-04-10;17;0;0;
65369;Pouyastruc;65;rattachee_reseau;Luc;2019-11-12;81;289;8;2026-04-15;17;0;0;
65430;Soréac;65;rattachee_reseau;Luc;2019-11-12;81;289;8;2025-08-11;17;0;0;
65436;Souyeaux;65;rattachee_reseau;Luc;2019-11-12;81;289;8;2025-08-27;17;0;0;
65418;Sénac;65;rattachee_reseau;Luc;2019-11-12;81;289;7;2026-04-23;17;0;0;
65009;Anères;65;rattachee_reseau;Nistos;2019-11-19;80;289;12;2026-02-24;17;0;0;
65051;Aventignan;65;rattachee_reseau;Nistos;2019-11-19;80;289;7;2025-08-11;17;0;0;
65076;Bazus-Neste;65;rattachee_reseau;Nistos;2019-11-19;80;289;8;2026-04-21;17;0;0;
65093;Bize;65;rattachee_reseau;Nistos;2019-11-19;80;289;7;2026-05-07;17;0;0;
65094;Bizous;65;rattachee_reseau;Nistos;2019-11-19;80;289;6;2025-05-26;17;0;0;
65190;Gazave;65;rattachee_reseau;Nistos;2019-11-19;80;289;8;2026-01-07;17;0;0;
65194;Générest;65;rattachee_reseau;Nistos;2019-11-19;80;289;14;2025-07-16;12;0;0;
65217;Hautaget;65;rattachee_reseau;Nistos;2019-11-19;80;289;7;2025-08-27;17;0;0;
65277;Lombrès;65;rattachee_reseau;Nistos;2019-11-19;80;289;7;2025-07-21;17;0;0;
65309;Mazouau;65;rattachee_reseau;Nistos;2019-11-19;80;289;8;2025-11-25;17;0;0;
65322;Montoussé;65;rattachee_reseau;Nistos;2019-11-19;80;289;7;2025-09-22;17;0;0;
65323;Montsérié;65;rattachee_reseau;Nistos;2019-11-19;80;289;7;2026-05-21;17;0;0;
65319;Montégut;65;rattachee_reseau;Nistos;2019-11-19;80;289;9;2025-10-07;17;0;0;
65327;Nestier;65;rattachee_reseau;Nistos;2019-11-19;80;289;7;2026-01-19;17;0;0;
65329;Nistos;65;analysee;;2019-11-19;80;289;68;2026-03-19;18;0;0;
65385;Saint-Arroman;65;rattachee_reseau;Nistos;2019-11-19;80;289;70;2026-04-29;17;0;0;
65416;Seich;65;rattachee_reseau;Nistos;2019-11-19;80;289;10;2025-10-21;17;0;0;
65012;Anla;65;rattachee_reseau;Ferrère;2019-12-19;79;289;5;2025-07-16;18;0;0;
65014;Antichan;65;rattachee_reseau;Ferrère;2019-12-19;79;289;8;2025-07-31;18;0;0;
65028;Arné;65;rattachee_reseau;Ferrère;2019-12-19;79;289;7;2026-03-09;18;0;0;
65053;Aveux;65;rattachee_reseau;Ferrère;2019-12-19;79;289;7;2026-01-08;18;0;0;
65074;Bazordan;65;rattachee_reseau;Ferrère;2019-12-19;79;289;7;2026-03-24;18;0;0;
65087;Bertren;65;rattachee_reseau;Ferrère;2019-12-19;79;289;6;2025-11-03;18;0;0;
65088;Betbèze;65;rattachee_reseau;Ferrère;2019-12-19;79;289;6;2025-11-25;18;0;0;
65109;Bramevaque;65;rattachee_reseau;Ferrère;2019-12-19;79;289;6;2025-11-20;18;0;0;
65134;Casterets;65;rattachee_reseau;Ferrère;2019-12-19;79;289;7;2026-01-12;18;0;0;
65139;Cazarilh;65;rattachee_reseau;Ferrère;2019-12-19;79;289;7;2026-01-30;18;0;0;
65154;Créchets;65;rattachee_reseau;Ferrère;2019-12-19;79;289;6;2025-09-16;18;0;0;
65155;Devèze;65;rattachee_reseau;Ferrère;2019-12-19;79;289;5;2025-09-24;18;0;0;
65158;Esbareich;65;rattachee_reseau;Ferrère;2019-12-19;79;289;6;2025-09-01;18;0;0;
65175;Ferrère;65;analysee;;2019-12-19;79;289;188;2026-04-09;27;0;0;
65186;Gaudent;65;rattachee_reseau;Ferrère;2019-12-19;79;289;6;2025-10-07;18;0;0;
65193;Gembrie;65;rattachee_reseau;Ferrère;2019-12-19;79;289;6;2025-10-31;18;0;0;
65229;Ilheu;65;rattachee_reseau;Ferrère;2019-12-19;79;289;10;2026-02-20;18;0;0;
65249;Lalanne;65;rattachee_reseau;Ferrère;2019-12-19;79;289;8;2026-02-13;18;0;0;
65305;Mauléon-Barousse;65;rattachee_reseau;Ferrère;2019-12-19;79;289;97;2026-05-21;17;0;0;
65307;Mazères-de-Neste;65;rattachee_reseau;Ferrère;2019-12-19;79;289;7;2025-08-05;18;0;0;
65368;Pouy;65;rattachee_reseau;Ferrère;2019-12-19;79;289;6;2025-08-18;18;0;0;
65382;Sacoué;65;rattachee_reseau;Ferrère;2019-12-19;79;289;6;2025-08-27;18;0;0;
65391;Sainte-Marie;65;rattachee_reseau;Ferrère;2019-12-19;79;289;6;2025-05-26;18;0;0;
65398;Saléchan;65;rattachee_reseau;Ferrère;2019-12-19;79;289;6;2025-05-20;18;0;0;
65402;Samuran;65;rattachee_reseau;Ferrère;2019-12-19;79;289;6;2025-12-04;18;0;0;
65427;Siradan;65;rattachee_reseau;Ferrère;2019-12-19;79;289;7;2026-04-09;18;0;0;
65442;Thermes-Magnoac;65;rattachee_reseau;Ferrère;2019-12-19;79;289;7;2025-10-22;18;0;0;
65441;Thèbe;65;rattachee_reseau;Ferrère;2019-12-19;79;289;7;2026-04-22;18;0;0;
65444;Tibiran-Jaunac;65;rattachee_reseau;Ferrère;2019-12-19;79;289;7;2026-05-07;18;0;0;
65453;Troubat;65;rattachee_reseau;Ferrère;2019-12-19;79;289;85;2026-05-28;28;0;0;
65475;Villemur;65;rattachee_reseau;Ferrère;2019-12-19;79;289;8;2026-05-21;18;0;0;
32035;Beaucaire;32;analysee;;2020-02-04;78;285;12;2026-04-23;19;0;0;
09207;Montgailhard;09;analysee;;2020-01-14;78;338;99;2026-05-12;17;0;0;
12099;Fayet;12;analysee;;2020-03-02;77;344;109;2026-05-06;18;1;0;
71133;La Clayette;71;analysee;;2020-06-15;73;427;56;2026-04-07;17;0;0;
12147;Montagnol;12;analysee;;2020-06-17;73;338;50;2026-05-12;18;0;0;
12153;Montjaux;12;analysee;;2020-06-15;73;344;44;2026-05-07;23;0;0;
28350;Saint-Luperce;28;analysee;;2020-07-09;73;345;41;2026-05-28;18;0;0;
28367;Santilly;28;analysee;;2020-06-19;73;327;22;2026-04-29;19;3;1;Atrazine déséthyl (dernière mesure 2020-10-08, 70 mois)
28406;Éole-en-Beauce;28;analysee;;2020-08-03;72;336;68;2026-05-07;18;0;0;
09044;Baulou;09;analysee;;2020-09-08;71;337;63;2026-05-07;17;3;0;
12058;Cassuéjouls;12;analysee;;2020-10-07;70;342;44;2026-04-07;24;0;0;
12061;Castelnau-de-Mandailles;12;analysee;;2020-10-12;70;336;101;2026-04-29;18;0;0;
12212;Saint-Beaulize;12;analysee;;2020-09-14;70;344;36;2026-04-28;18;0;0;
12274;Sylvanès;12;analysee;;2020-10-07;70;342;52;2026-05-18;18;0;0;
12295;Viala-du-Pas-de-Jaux;12;rattachee_reseau;Saint-Jean-et-Saint-Paul;2020-10-13;70;342;26;2026-05-06;18;0;0;
09221;Ornolac-Ussat-les-Bains;09;analysee;;2020-11-09;69;344;57;2026-05-11;18;0;0;
12249;Saint-Sever-du-Moustier;12;analysee;;2020-11-03;69;336;46;2026-05-26;18;1;0;
28057;Bouville;28;analysee;;2020-11-27;68;345;52;2026-03-31;20;4;2;Atrazine déséthyl (dernière mesure 2023-12-01, 32 mois) | Total des pesticides analysés (dernière mesure 2023-12-01, 32 mois)
09150;Lagarde;09;analysee;;2020-11-23;68;342;20;2025-11-04;19;0;0;
28426;Ymonville;28;analysee;;2020-11-26;68;281;34;2026-05-07;18;4;4;Atrazine (dernière mesure 2020-11-26, 68 mois) | Atrazine déséthyl (dernière mesure 2020-11-26, 68 mois) | Atrazine déséthyl déisopropyl (dernière mesure jamais depuis) | Total des pesticides analysés (dernière mesure 2020-11-26, 68 mois)
81033;Blaye-les-Mines;81;analysee;;2021-01-26;66;315;25;2026-05-27;19;0;0;
81060;Carmaux;81;analysee;;2021-01-21;66;315;63;2026-05-27;19;0;0;
31213;Garin;31;analysee;;2021-02-10;66;332;32;2026-05-27;18;0;0;
09249;Roquefixade;09;analysee;;2021-02-03;66;333;60;2026-05-04;19;0;0;
09020;Artigues;09;analysee;;2021-03-02;65;333;35;2026-05-13;18;0;0;
09087;Caussou;09;analysee;;2021-03-08;65;333;33;2026-04-02;18;0;0;
28286;Ollé;28;analysee;;2021-03-05;65;345;16;2025-10-09;18;0;0;
09252;Rouze;09;analysee;;2021-03-02;65;333;30;2026-05-05;18;0;0;
09009;Alzen;09;analysee;;2021-05-03;63;338;70;2026-05-27;18;0;0;
09095;Cescau;09;analysee;;2021-05-10;63;338;48;2026-05-04;17;0;0;
09141;Illartein;09;analysee;;2021-05-10;63;339;32;2026-04-02;18;0;0;
09139;L'Hospitalet-près-l'Andorre;09;analysee;;2021-04-20;63;333;32;2026-04-09;18;0;0;
09232;Prades;09;analysee;;2021-05-04;63;333;30;2026-05-05;18;0;0;
09291;Sentenac-d'Oust;09;analysee;;2021-05-04;63;338;30;2026-03-19;18;0;0;
81309;Vaour;81;analysee;;2021-04-14;63;361;37;2026-05-19;18;0;0;
81018;Arthès;81;analysee;;2021-05-17;62;361;46;2026-05-20;20;0;0;
31235;Guran;31;analysee;;2021-05-31;62;332;27;2026-05-06;18;1;0;
31306;Lourde;31;analysee;;2021-05-17;62;332;19;2026-02-25;27;0;0;
28234;Marchéville;28;analysee;;2021-06-04;62;335;17;2025-12-31;18;1;0;
09200;Montbel;09;analysee;;2021-06-01;62;339;51;2026-05-13;18;0;0;
09311;Tignac;09;analysee;;2021-06-01;62;333;15;2026-02-04;18;0;0;
09031;Axiat;09;analysee;;2021-07-05;61;333;20;2026-05-11;18;0;0;
09024;Aston;09;analysee;;2021-07-20;60;339;28;2026-03-09;19;0;0;
09068;Burret;09;analysee;;2021-07-19;60;332;114;2026-03-09;18;0;0;
09136;Gourbit;09;analysee;;2021-07-20;60;333;28;2026-04-01;18;0;0;
31465;Saccourvielle;31;analysee;;2021-07-20;60;332;21;2026-05-06;18;0;0;
09171;Lordat;09;analysee;;2021-09-13;59;332;29;2026-05-11;18;0;0;
31337;Melles;31;analysee;;2021-09-06;59;331;93;2026-05-05;18;0;0;
81218;Puygouzon;81;analysee;;2021-09-07;59;320;21;2026-04-27;20;0;0;
09318;Unac;09;analysee;;2021-09-13;59;332;30;2026-05-11;18;0;0;
09012;Appy;09;analysee;;2021-10-04;58;332;21;2026-03-19;18;0;0;
09025;Aucazein;09;analysee;;2021-09-28;58;331;27;2026-04-02;18;0;0;
09140;Ignaux;09;analysee;;2021-10-04;58;338;33;2026-05-05;18;0;0;
09063;Le Bosc;09;analysee;;2021-09-28;58;331;113;2026-03-19;18;1;0;
81211;Poulan-Pouzols;81;analysee;;2021-10-01;58;318;4;2025-01-28;20;0;0;
09328;Verdun;09;analysee;;2021-09-14;58;332;29;2026-05-11;18;0;0;
09211;Montségur;09;analysee;;2021-10-26;57;338;28;2026-03-19;18;0;0;
28155;Fontaine-les-Ribouts;28;analysee;;2021-11-18;56;345;17;2026-04-21;19;0;0;
09154;Larbont;09;rattachee_reseau;Esplas-de-Sérou;2021-12-06;56;338;6;2026-05-27;18;0;0;
09018;Arrout;09;analysee;;2022-01-18;54;337;46;2026-04-15;18;1;0;
09131;Garanou;09;analysee;;2022-02-07;54;332;27;2026-03-09;18;0;0;
28144;Les Étilleux;28;analysee;;2022-02-08;54;358;28;2026-05-05;19;3;2;ESA metolachlore (dernière mesure 2023-06-02, 38 mois) | Metolachlor NOA 413173 (dernière mesure 2023-06-02, 38 mois)
81170;Monestiés;81;analysee;;2022-02-01;54;318;22;2026-03-26;19;0;0;
09297;Sor;09;analysee;;2022-02-08;54;338;16;2026-03-02;18;0;0;
28102;Clévilliers;28;analysee;;2022-02-24;53;359;41;2026-04-01;19;0;0;
09155;Larcat;09;analysee;;2022-02-14;53;338;27;2026-03-09;18;0;0;
12125;Laval-Roquecezière;12;analysee;;2022-02-15;53;336;61;2026-05-26;18;0;0;
81152;Mailhoc;81;analysee;;2022-02-24;53;318;8;2026-02-12;19;0;0;
09189;Mérens-les-Vals;09;analysee;;2022-03-08;53;332;46;2026-05-27;18;0;0;
09236;Prayols;09;analysee;;2022-03-07;53;331;45;2026-03-10;18;0;0;
28119;La Croix-du-Perche;28;rattachee_reseau;Thiron-Gardais;2022-03-24;52;359;13;2026-04-29;19;0;0;
12179;Peux-et-Couffouleux;12;analysee;;2022-03-16;52;336;26;2026-04-01;18;0;0;
12184;Pomayrols;12;analysee;;2022-03-14;52;336;51;2026-03-26;24;0;0;
32348;Roquelaure;32;analysee;;2022-04-04;52;337;8;2025-04-16;20;1;1;ESA metolachlore (dernière mesure 2022-06-15, 49 mois)
31505;Saint-Michel;31;analysee;;2022-03-21;52;332;30;2026-05-27;18;0;0;
81233;Terre-de-Bancalié;81;analysee;;2022-03-22;52;362;25;2025-11-07;20;0;0;
09016;Arnave;09;analysee;;2022-05-10;51;332;60;2026-05-11;18;0;0;
09143;Illier-et-Laramade;09;analysee;;2022-05-10;51;332;31;2026-05-21;18;0;0;
28282;Nonvilliers-Grandhoux;28;analysee;;2022-05-18;50;252;22;2026-05-28;19;0;0;
31434;Poubeau;31;analysee;;2022-06-09;50;339;23;2026-05-27;18;0;0;
09001;Aigues-Juntes;09;analysee;;2022-07-05;49;346;22;2026-04-14;18;0;0;
09045;Bédeilhac-et-Aynat;09;analysee;;2022-07-04;49;340;24;2026-04-01;18;0;0;
31200;Frontignan-de-Comminges;31;analysee;;2022-07-07;49;339;23;2026-04-08;18;0;0;
31348;Moncaup;31;analysee;;2022-07-04;49;345;14;2026-04-08;18;0;0;
09196;Montagagne;09;analysee;;2022-06-22;49;339;30;2026-05-27;18;0;0;
09220;Orlu;09;analysee;;2022-07-05;49;346;30;2026-05-11;18;0;0;
09127;Gabre;09;analysee;;2022-08-02;48;345;26;2026-04-14;18;0;0;
28374;Serazereux;28;analysee;;2022-08-10;48;253;44;2026-05-26;19;0;0;
31009;Antichan-de-Frontignes;31;analysee;;2022-08-30;47;339;21;2026-03-11;18;0;0;
09017;Arrien-en-Bethmale;09;analysee;;2022-09-13;47;344;93;2026-05-12;18;0;0;
81123;Lacapelle-Ségalar;81;analysee;;2022-09-09;47;325;3;2025-11-03;20;0;0;
09061;Les Bordes-sur-Arize;09;analysee;;2022-09-13;47;345;5;2025-03-05;19;0;0;
09320;Urs;09;rattachee_reseau;Vèbre;2022-09-12;47;345;9;2026-03-09;18;0;0;
09326;Vèbre;09;analysee;;2022-09-12;47;345;14;2026-05-11;26;0;0;
09011;Antras;09;analysee;;2022-10-06;46;344;27;2026-05-28;18;0;0;
31142;Cier-de-Luchon;31;analysee;;2022-09-26;46;339;23;2026-05-06;18;0;0;
82072;Golfech;82;analysee;;2022-10-11;46;345;9;2025-11-26;21;0;0;
81275;Salles;81;analysee;;2022-09-23;46;344;5;2025-09-09;19;0;0;
81322;Virac;81;analysee;;2022-10-07;46;305;6;2026-05-11;19;0;0;
31067;Bezins-Garraux;31;analysee;;2022-10-26;45;339;29;2026-04-13;18;0;0;
09193;Mijanès;09;analysee;;2022-11-07;45;340;44;2026-05-05;18;0;0;
09071;Cadarcet;09;analysee;;2022-11-30;44;340;21;2026-05-27;18;0;0;
31176;Esténos;31;analysee;;2022-11-29;44;339;20;2026-04-13;18;0;0;
81191;Mouzieys-Panens;81;analysee;;2022-11-14;44;325;4;2026-01-14;22;0;0;
81007;Alos;81;analysee;;2023-01-06;43;368;9;2026-01-29;19;0;0;
81012;Andillac;81;rattachee_reseau;Alos;2023-01-06;43;368;5;2026-03-23;18;0;0;
81139;Lautrec;81;analysee;;2022-12-19;43;368;8;2025-08-25;20;0;0;
09053;Bestiac;09;analysee;;2023-02-07;42;340;16;2026-02-04;18;0;0;
09159;Lassur;09;analysee;;2023-01-16;42;340;20;2026-03-09;18;0;0;
09114;Erp;09;analysee;;2023-03-06;41;344;46;2026-03-19;19;0;0;
31470;Saint-Aventin;31;analysee;;2023-03-13;41;339;59;2026-05-27;19;0;0;
09027;Augirein;09;analysee;;2023-04-04;40;340;20;2026-04-02;18;0;0;
09078;Carcanières;09;rattachee_reseau;Quérigut;2023-04-11;40;345;5;2025-09-04;18;0;0;
09230;Le Pla;09;analysee;;2023-04-11;40;340;18;2026-05-05;18;0;0;
09237;Le Puch;09;rattachee_reseau;Quérigut;2023-04-11;40;345;4;2026-05-05;18;0;0;
09239;Quérigut;09;analysee;;2023-04-11;40;345;22;2026-03-05;18;0;0;
09298;Sorgeat;09;analysee;;2023-04-11;40;340;21;2026-04-30;18;0;0;
81316;Vieux;81;analysee;;2023-03-14;40;368;9;2026-05-19;18;0;0;
28049;Boncé;28;analysee;;2023-04-25;39;252;22;2026-04-15;19;2;0;
09162;Lercoul;09;analysee;;2023-04-18;39;340;16;2026-05-21;18;0;0;
09216;Nescus;09;analysee;;2023-04-18;39;339;36;2026-03-12;18;0;0;
81308;Valence-d'Albigeois;81;analysee;;2023-04-25;39;344;1;2025-10-22;19;0;0;
28330;Villemaury;28;analysee;;2023-05-10;39;252;39;2026-04-24;19;5;3;Atrazine déséthyl (dernière mesure 2023-06-14, 37 mois) | Atrazine déséthyl déisopropyl (dernière mesure 2023-06-14, 37 mois) | Total des pesticides analysés (dernière mesure jamais depuis)
09035;Balaguères;09;analysee;;2023-06-05;38;345;35;2026-05-07;18;0;0;
28166;Friaize;28;analysee;;2023-06-12;38;252;11;2026-02-26;19;0;0;
31422;Plagne;31;analysee;;2023-05-23;38;345;18;2026-03-31;19;0;0;
71472;Saint-Prix;71;analysee;;2023-05-15;38;460;39;2026-05-18;17;0;0;
81306;Valderiès;81;analysee;;2023-05-30;38;324;3;2026-04-13;19;0;0;
09014;Argein;09;analysee;;2023-07-04;37;339;22;2026-05-28;18;0;0;
12062;Castelnau-Pégayrols;12;analysee;;2023-06-19;37;342;16;2026-03-09;20;0;0;
09093;Celles;09;analysee;;2023-07-03;37;347;20;2026-04-09;18;0;0;
09129;Galey;09;analysee;;2023-07-04;37;339;29;2026-05-28;18;0;0;
28091;Les Châtelliers-Notre-Dame;28;analysee;;2023-06-28;37;252;14;2026-05-28;26;0;0;
31010;Antignac;31;analysee;;2023-09-11;35;345;19;2026-05-19;18;0;0;
28080;Charbonnières;28;analysee;;2023-09-06;35;255;16;2026-04-24;19;1;0;
09126;Freychenet;09;analysee;;2023-09-05;35;346;25;2026-05-13;18;0;0;
28016;Les Autels-Villevillon;28;rattachee_reseau;Charbonnières;2023-09-06;35;255;5;2026-05-13;26;1;1;Chlorothalonil R471811 (dernière mesure jamais depuis)
09166;Leychert;09;rattachee_reseau;Freychenet;2023-09-05;35;346;2;2025-11-06;35;0;0;
09215;Nalzen;09;rattachee_reseau;Freychenet;2023-09-05;35;346;3;2025-09-11;18;0;0;
09092;Cazenave-Serres-et-Allens;09;analysee;;2023-10-03;34;340;21;2026-02-18;18;0;0;
28176;Le Gault-Saint-Denis;28;analysee;;2023-09-26;34;255;21;2026-05-04;19;3;1;Total des pesticides analysés (dernière mesure 2023-09-26, 34 mois)
09197;Montaillou;09;analysee;;2023-10-03;34;340;15;2026-04-02;18;0;0;
28259;Montboissier;28;analysee;;2023-10-11;34;255;5;2025-01-23;20;3;3;Chlorothalonil R417888 (dernière mesure 2023-11-16, 32 mois) | Chlorothalonil R471811 (dernière mesure 2023-11-16, 32 mois) | Total des pesticides analysés (dernière mesure 2023-11-16, 32 mois)
81254;Saint-Jean-de-Marcel;81;analysee;;2023-10-05;34;325;2;2025-10-02;19;0;0;
28389;Thiville;28;analysee;;2023-09-20;34;255;8;2026-03-12;19;8;6;Atrazine déséthyl (dernière mesure 2023-10-05, 34 mois) | Atrazine déséthyl déisopropyl (dernière mesure 2023-10-05, 34 mois) | Chlorothalonil R417888 (dernière mesure 2023-10-05, 34 mois) | Chlorothalonil R471811 (dernière mesure 2023-10-05, 34 mois) | Métolachlore (dernière mesure 2023-10-05, 34 mois) | Total des pesticides analysés (dernière mesure 2023-10-05, 34 mois)
09055;Bethmale;09;analysee;;2023-11-07;33;346;15;2026-05-04;19;0;0;
81136;Larroque;81;analysee;;2023-10-26;33;369;10;2026-05-19;19;0;0;
09167;Lézat-sur-Lèze;09;rattachee_reseau;Carbonne;2023-10-17;33;346;40;2026-05-26;19;0;0;
31427;Pointis-Inard;31;analysee;;2023-10-26;33;345;26;2026-04-16;18;0;0;
71010;Antully;71;analysee;;2023-11-27;32;464;27;2026-02-23;4;0;0;
28056;Boutigny-Prouais;28;analysee;;2023-12-04;32;633;43;2026-05-19;19;0;0;
09085;Castillon-en-Couserans;09;analysee;;2024-01-10;31;344;26;2026-03-02;18;1;0;
47039;Boussès;47;analysee;;2024-01-15;30;321;11;2026-01-07;21;0;0;
09069;Buzan;09;analysee;;2024-02-06;30;345;9;2026-03-16;18;0;0;
47085;Durance;47;rattachee_reseau;Boussès;2024-01-15;30;321;7;2026-04-13;21;0;0;
31296;Lestelle-de-Saint-Martory;31;analysee;;2024-02-13;30;343;12;2026-04-14;18;0;0;
65282;Loudenvielle;65;analysee;;2024-01-31;30;334;62;2026-05-06;17;0;0;
09223;Oust;09;analysee;;2024-02-05;30;340;101;2026-05-28;19;0;0;
31411;Pechbusque;31;analysee;;2024-02-12;30;344;12;2025-10-21;29;0;0;
81225;Rivières;81;analysee;;2024-01-24;30;369;7;2026-03-03;26;0;0;
12041;Cabanès;12;analysee;;2024-02-28;29;319;5;2026-02-11;20;0;0;
12077;Cornus;12;analysee;;2024-02-19;29;342;15;2026-04-28;19;0;0;
81134;Lamontélarié;81;analysee;;2024-03-06;29;369;30;2026-04-02;18;0;0;
12122;Lapanouse-de-Cernon;12;analysee;;2024-02-19;29;338;16;2026-05-18;19;0;0;
31314;Mancioux;31;analysee;;2024-03-06;29;337;13;2026-04-23;18;0;0;
09195;Monesple;09;rattachee_reseau;Montégut-Plantaurel;2024-03-05;29;344;6;2025-12-19;18;0;0;
09202;Montégut-Plantaurel;09;analysee;;2024-03-05;29;344;8;2026-05-26;25;0;0;
31590;Binos;31;analysee;;2024-04-02;28;343;9;2026-05-06;18;0;0;
71063;Broye;71;analysee;;2024-04-10;28;464;14;2025-06-11;18;1;0;
31123;Castillon-de-Larboust;31;analysee;;2024-04-11;28;337;18;2026-05-27;19;0;0;
31127;Caubous;31;analysee;;2024-04-11;28;337;14;2026-05-06;18;0;0;
31133;Cazeaux-de-Larboust;31;analysee;;2024-04-11;28;337;20;2026-04-21;26;0;0;
31217;Génos;31;rattachee_reseau;Malvezie;2024-04-04;28;343;3;2026-04-28;18;0;0;
32180;Lagraulet-du-Gers;32;analysee;;2024-03-21;28;361;13;2026-05-29;26;0;0;
09156;Larnat;09;analysee;;2024-03-20;28;340;13;2026-04-01;18;0;0;
31313;Malvezie;31;analysee;;2024-04-04;28;343;10;2026-02-25;27;0;0;
31335;Mayrègne;31;analysee;;2024-04-11;28;343;9;2026-01-15;18;0;0;
31431;Portet-d'Aspet;31;analysee;;2024-04-04;28;337;20;2026-05-26;18;0;0;
31509;Saint-Pé-d'Ardet;31;analysee;;2024-04-10;28;343;15;2026-04-08;18;0;0;
12282;Tournemire;12;analysee;;2024-03-18;28;342;12;2026-05-28;26;0;0;
28005;Alluyes;28;analysee;;2024-04-19;27;268;10;2026-01-06;20;2;1;Total des pesticides analysés (dernière mesure jamais depuis)
12019;Balaguier-sur-Rance;12;rattachee_reseau;Lestrade-et-Thouels;2024-04-17;27;317;2;2026-03-10;32;0;0;
12025;Belmont-sur-Rance;12;rattachee_reseau;Lestrade-et-Thouels;2024-04-17;27;317;2;2026-05-12;26;0;0;
12042;Calmels-et-le-Viala;12;rattachee_reseau;Lestrade-et-Thouels;2024-04-17;27;317;1;2026-03-17;26;0;0;
31144;Cierp-Gaud;31;analysee;;2024-04-29;27;337;42;2026-05-05;18;0;0;
31146;Cirès;31;analysee;;2024-05-06;27;343;7;2026-04-21;18;0;0;
12070;Compeyre;12;analysee;;2024-04-24;27;319;4;2026-04-09;26;0;0;
71174;Dezize-lès-Maranges;71;analysee;;2024-04-23;27;475;7;2026-02-23;18;0;0;
31236;Herran;31;analysee;;2024-04-30;27;343;17;2026-04-23;22;0;0;
09041;La Bastide-du-Salat;09;rattachee_reseau;Herran;2024-04-30;27;343;15;2026-04-14;18;0;0;
12269;La Serre;12;rattachee_reseau;Lestrade-et-Thouels;2024-04-17;27;317;1;2026-03-04;26;0;0;
12129;Lestrade-et-Thouels;12;analysee;;2024-04-17;27;317;3;2026-02-09;24;0;0;
12141;Martrin;12;rattachee_reseau;Lestrade-et-Thouels;2024-04-17;27;317;1;2025-11-26;12;0;0;
12149;Montclar;12;rattachee_reseau;Lestrade-et-Thouels;2024-04-17;27;317;1;2026-04-14;32;0;0;
12192;Mounes-Prohencoux;12;rattachee_reseau;Lestrade-et-Thouels;2024-04-17;27;317;1;2026-01-12;26;0;0;
65360;Peyrouse;65;analysee;;2024-04-23;27;334;28;2026-05-05;22;0;0;
12195;Rebourguil;12;rattachee_reseau;Lestrade-et-Thouels;2024-04-17;27;317;3;2026-05-11;26;0;0;
12248;Saint-Sernin-sur-Rance;12;rattachee_reseau;Lestrade-et-Thouels;2024-04-17;27;317;1;2026-02-17;26;0;0;
31524;Salles-et-Pratviel;31;analysee;;2024-04-29;27;343;11;2026-04-23;26;0;0;
31068;Billière;31;analysee;;2024-06-06;26;343;11;2026-03-19;19;0;0;
69066;Cours;69;analysee;;2024-05-29;26;322;34;2026-05-22;21;0;0;
82060;Fauroux;82;analysee;;2024-06-10;26;343;7;2026-02-09;20;1;0;
81117;Labessière-Candeil;81;analysee;;2024-05-16;26;369;3;2025-12-08;19;0;0;
81321;Le Vintrou;81;analysee;;2024-05-28;26;362;25;2026-05-21;18;0;0;
31405;Ore;31;analysee;;2024-05-22;26;343;11;2026-04-28;18;0;0;
71393;Saint-Bonnet-de-Cray;71;rattachee_reseau;Varennes-sous-Dun;2024-06-04;26;464;1;2024-07-15;17;0;0;
12220;Sainte-Eulalie-de-Cernon;12;analysee;;2024-05-14;26;342;13;2026-03-26;19;0;0;
09292;Sentenac-de-Sérou;09;analysee;;2024-06-11;26;345;10;2026-02-02;25;0;0;
71559;Varennes-sous-Dun;71;analysee;;2024-06-04;26;464;7;2026-02-02;26;0;0;
65043;Astugue;65;rattachee_reseau;Juillan;2024-07-08;25;340;2;2025-10-09;17;0;0;
65052;Averan;65;rattachee_reseau;Juillan;2024-07-08;25;340;3;2026-02-13;17;0;0;
65057;Azereix;65;rattachee_reseau;Juillan;2024-07-08;25;340;17;2026-04-24;17;0;0;
65067;Barry;65;rattachee_reseau;Juillan;2024-07-08;25;340;2;2026-01-06;26;0;0;
09052;Besset;09;analysee;;2024-06-18;25;343;13;2026-05-28;19;0;0;
09102;Coutens;09;rattachee_reseau;Besset;2024-06-18;25;343;4;2026-03-03;25;0;0;
12307;Curan;12;analysee;;2024-06-19;25;338;21;2026-05-05;26;0;0;
09111;Engomer;09;analysee;;2024-06-18;25;345;34;2026-04-07;18;0;0;
31221;Gouaux-de-Larboust;31;analysee;;2024-06-20;25;343;27;2026-05-27;18;1;0;
65220;Hibarette;65;rattachee_reseau;Juillan;2024-07-08;25;340;2;2026-04-27;26;0;0;
65235;Juillan;65;analysee;;2024-07-08;25;340;23;2026-05-28;18;0;0;
12022;La Bastide-Pradines;12;analysee;;2024-06-19;25;338;15;2026-05-13;26;0;0;
65257;Lanne;65;rattachee_reseau;Juillan;2024-07-08;25;340;2;2025-07-25;17;0;0;
65268;Layrisse;65;rattachee_reseau;Juillan;2024-07-08;25;340;2;2025-12-18;29;0;0;
12139;Marnhagues-et-Latour;12;analysee;;2024-06-26;25;342;12;2026-04-28;18;0;0;
28270;Moriers;28;analysee;;2024-06-25;25;268;4;2025-02-12;20;1;1;Chlorothalonil R471811 (dernière mesure jamais depuis)
65339;Orincles;65;rattachee_reseau;Juillan;2024-07-08;25;340;2;2025-09-08;17;0;0;
65355;Paréac;65;rattachee_reseau;Juillan;2024-07-08;25;340;3;2025-08-28;17;0;0;
28365;Sandarville;28;analysee;;2024-07-02;25;268;10;2026-04-01;26;1;0;
28383;Theuville;28;rattachee_reseau;Moutiers-en-Beauce;2024-06-20;25;268;7;2026-04-03;19;0;0;
81034;Boissezon;81;analysee;;2024-07-25;24;369;28;2026-05-19;19;0;0;
31143;Cier-de-Rivière;31;analysee;;2024-07-19;24;344;11;2026-04-08;18;0;0;
31237;His;31;analysee;;2024-07-31;24;338;5;2026-05-11;28;0;0;
31342;Milhas;31;analysee;;2024-07-18;24;343;34;2026-05-26;18;0;0;
81282;Senaux;81;analysee;;2024-08-02;24;369;7;2026-03-06;18;0;0;
04107;Majastres;04;analysee;;2016-04-05;124;479;43;2026-03-25;17;1;0;
04142;Oppedette;04;analysee;;2016-07-19;120;668;41;2026-04-17;17;0;0;
84048;Gignac;84;analysee;;2017-04-21;111;201;35;2026-03-05;20;0;0;
04009;Archail;04;analysee;;2017-08-31;107;705;30;2026-04-29;17;0;0;
04175;Sainte-Croix-à-Lauze;04;analysee;;2019-04-19;87;759;35;2026-04-17;17;2;0;
05066;La Haute-Beaume;05;analysee;;2019-07-05;85;241;62;2026-03-20;19;3;0;
04228;Valavoire;04;analysee;;2019-09-10;83;704;22;2026-03-11;17;0;0;
05169;Sorbiers;05;analysee;;2020-05-04;75;246;37;2026-03-16;21;0;0;
04177;Hautes-Duyes;04;analysee;;2020-06-30;73;759;51;2026-04-23;17;0;0;
04231;Valernes;04;analysee;;2020-06-24;73;704;52;2026-04-20;17;0;0;
05081;Montclus;05;analysee;;2021-02-02;66;739;69;2026-05-27;21;0;0;
04035;Brunet;04;analysee;;2021-03-15;64;729;52;2026-03-12;17;0;0;
84023;Buoux;84;analysee;;2021-04-09;64;232;29;2026-05-12;20;0;0;
84128;Sivergues;84;analysee;;2021-03-25;64;232;23;2026-04-16;26;0;0;
05031;Champcella;05;analysee;;2021-05-06;63;741;98;2026-05-18;21;0;0;
04140;Les Omergues;04;analysee;;2021-05-06;63;729;50;2026-05-28;17;0;0;
04118;Melve;04;analysee;;2021-04-26;63;729;30;2026-05-28;18;0;0;
04115;Méailles;04;analysee;;2021-05-04;63;729;29;2026-05-28;17;1;0;
04235;Verdaches;04;analysee;;2021-05-25;62;729;129;2026-04-23;17;0;0;
04042;Castellet-lès-Sausses;04;analysee;;2021-06-17;61;729;80;2026-05-19;17;0;0;
05037;Châteauvieux;05;analysee;;2021-08-23;59;748;38;2026-05-04;22;0;0;
83020;Le Bourguet;83;analysee;;2021-09-02;59;725;22;2026-05-18;17;0;0;
04211;Sourribes;04;analysee;;2021-09-07;59;729;25;2026-05-05;17;0;0;
04210;Soleilhas;04;analysee;;2021-09-16;58;729;29;2026-05-28;17;0;0;
04162;Revest-des-Brousses;04;analysee;;2021-10-20;57;729;75;2026-04-27;17;0;0;
83147;Vérignon;83;analysee;;2022-01-24;54;236;13;2026-01-08;16;0;0;
05106;Prunières;05;analysee;;2022-03-09;53;255;41;2026-05-12;9;1;0;
04085;Faucon-du-Caire;04;analysee;;2022-04-07;52;252;26;2026-05-27;17;0;0;
04037;Le Caire;04;analysee;;2022-04-07;52;252;26;2026-04-07;17;0;0;
05116;Réotier;05;analysee;;2022-04-11;52;255;76;2026-04-24;21;0;0;
05135;Sainte-Colombe;05;analysee;;2022-04-04;52;255;55;2026-05-04;21;0;0;
05176;Valserres;05;analysee;;2022-04-06;52;255;31;2026-05-12;21;0;0;
06035;Castellar;06;analysee;;2022-05-05;51;248;55;2025-08-11;17;0;0;
05033;Chanousse;05;analysee;;2022-04-27;51;255;31;2026-03-16;21;0;0;
06093;La Penne;06;analysee;;2022-05-11;51;248;34;2026-05-22;17;0;0;
05078;Monêtier-Allemont;05;analysee;;2022-04-28;51;255;28;2026-04-20;21;0;0;
13090;Saint-Antonin-sur-Bayon;13;analysee;;2022-04-28;51;264;17;2026-05-27;18;0;0;
04032;Braux;04;analysee;;2022-05-30;50;251;40;2026-05-27;17;0;0;
04054;Châteauredon;04;analysee;;2022-06-07;50;251;31;2026-05-06;17;0;0;
04087;Fontienne;04;analysee;;2022-05-16;50;251;24;2026-04-13;23;1;0;
04190;Saint-Martin-les-Eaux;04;analysee;;2022-05-30;50;251;33;2026-05-05;17;0;0;
04204;Senez;04;analysee;;2022-05-16;50;251;46;2026-03-23;17;0;0;
06131;Sallagriffon;06;rattachee_reseau;Collongues;2022-06-16;49;248;21;2026-04-23;16;2;0;
05171;Théus;05;analysee;;2022-07-06;49;257;25;2026-04-16;21;0;0;
06068;Gourdon;06;analysee;;2022-08-03;48;248;35;2026-04-16;17;1;0;
06095;Peymeinade;06;analysee;;2022-08-05;48;250;89;2026-05-19;17;0;0;
04171;Rougon;04;analysee;;2022-07-26;48;251;36;2026-05-13;17;0;0;
05127;Rousset-Serre-Ponçon;05;analysee;;2022-07-18;48;257;28;2026-04-16;21;3;0;
05009;Aspres-lès-Corps;05;analysee;;2022-09-08;47;256;19;2026-05-06;22;0;0;
83010;Bargème;83;analysee;;2022-09-01;47;243;24;2026-04-30;16;0;0;
05018;La Bâtie-Vieille;05;analysee;;2022-08-31;47;257;19;2026-05-12;22;0;0;
06100;Revest-les-Roches;06;analysee;;2022-09-01;47;249;42;2026-05-20;18;0;0;
83114;Saint-Martin-de-Pallières;83;analysee;;2022-08-24;47;243;19;2026-04-08;17;0;0;
83044;Comps-sur-Artuby;83;analysee;;2022-09-16;46;243;33;2026-05-13;16;0;0;
05049;Esparron;05;analysee;;2022-10-10;46;256;48;2026-05-20;14;2;0;
06078;Malaussène;06;analysee;;2022-09-19;46;248;31;2026-03-02;18;0;0;
06096;Pierlas;06;analysee;;2022-09-15;46;248;20;2026-03-02;17;0;0;
06124;Saint-Léger;06;analysee;;2022-09-19;46;248;20;2026-03-10;17;0;0;
05058;Freissinières;05;analysee;;2022-11-17;44;256;80;2026-05-18;21;0;0;
84059;Lafare;84;analysee;;2022-11-18;44;256;19;2026-05-28;21;0;0;
05129;Saint-André-de-Rosans;05;analysee;;2022-11-14;44;261;66;2026-05-27;21;3;0;
83047;La Crau;83;analysee;;2022-12-15;43;245;1;2022-12-15;18;0;0;
05028;Chabestan;05;analysee;;2023-02-06;42;255;29;2026-05-04;21;0;0;
06129;Saint-Sauveur-sur-Tinée;06;analysee;;2023-02-03;42;248;32;2026-05-18;18;0;0;
05086;Montjay;05;analysee;;2023-03-07;41;261;35;2026-03-16;22;0;0;
04187;Saint-Lions;04;analysee;;2023-03-09;41;251;19;2026-03-23;17;0;0;
05025;Buissard;05;analysee;;2023-03-22;40;261;17;2026-05-18;22;0;0;
05035;Châteauneuf-d'Oze;05;analysee;;2023-04-11;40;255;56;2026-05-04;19;0;0;
04095;L'Hospitalet;04;analysee;;2023-04-03;40;251;19;2026-04-21;21;1;0;
04130;Montlaux;04;analysee;;2023-04-03;40;251;26;2026-04-13;18;0;0;
06102;Rimplas;06;analysee;;2023-03-23;40;248;19;2026-04-03;24;0;0;
04182;Saint-Julien-d'Asse;04;analysee;;2023-03-20;40;251;16;2026-04-29;21;0;0;
05146;Saint-Julien-en-Beauchêne;05;analysee;;2023-03-23;40;255;71;2026-05-29;21;0;0;
04184;Saint-Jurs;04;analysee;;2023-04-13;40;251;20;2026-05-06;17;0;0;
05159;Saléon;05;rattachee_reseau;Garde-Colombe;2023-04-12;40;255;0;;0;0;0;
04207;Sigoyer;04;analysee;;2023-03-21;40;251;55;2026-04-27;17;0;0;
06142;Touët-de-l'Escarène;06;analysee;;2023-04-05;40;248;17;2026-04-02;17;0;0;
05051;Étoile-Saint-Cyrice;05;analysee;;2023-04-12;40;255;40;2026-05-19;14;0;0;
05011;Avançon;05;analysee;;2023-05-03;39;255;69;2026-05-26;21;3;0;
06045;Collongues;06;analysee;;2023-04-27;39;248;23;2026-04-23;17;0;0;
05060;Furmeyer;05;analysee;;2023-05-04;39;255;34;2026-04-27;21;0;0;
04093;Gigors;04;analysee;;2023-04-27;39;251;25;2026-04-07;17;0;0;
04167;La Robine-sur-Galabre;04;analysee;;2023-04-20;39;251;47;2026-05-20;18;0;0;
06101;Rigaud;06;analysee;;2023-04-27;39;248;48;2026-05-26;21;0;0;
04179;Saint-Geniez;04;analysee;;2023-04-20;39;251;24;2026-03-09;17;0;0;
04199;Saint-Vincent-sur-Jabron;04;analysee;;2023-04-18;39;251;26;2026-05-28;17;0;0;
04202;Sausses;04;analysee;;2023-05-10;39;251;50;2026-05-19;17;0;0;
04216;Thèze;04;analysee;;2023-04-18;39;251;53;2026-04-30;18;0;0;
06146;Tournefort;06;analysee;;2023-04-17;39;248;31;2026-04-10;21;0;0;
05047;Éourres;05;analysee;;2023-04-17;39;255;34;2026-04-09;21;0;0;
05080;Montbrand;05;analysee;;2023-05-22;38;255;38;2026-03-17;21;0;0;
04224;Ubraye;04;analysee;;2023-05-30;38;251;68;2026-05-27;17;2;0;
06156;Venanson;06;analysee;;2023-05-30;38;248;34;2026-05-06;17;0;0;
04055;Chaudon-Norante;04;analysee;;2023-06-20;37;251;45;2026-04-03;17;0;0;
05057;Fouillouse;05;analysee;;2023-07-06;37;261;24;2026-05-04;22;0;0;
05075;Manteyer;05;analysee;;2023-06-15;37;255;66;2026-05-28;19;1;0;
04028;Beynes;04;analysee;;2023-08-03;36;253;69;2026-05-27;17;0;0;
04074;Entrages;04;analysee;;2023-07-20;36;251;27;2026-05-06;17;1;0;
05095;Le Noyer;05;analysee;;2023-08-09;36;257;26;2026-05-06;22;0;0;
05172;Trescléoux;05;analysee;;2023-07-25;36;255;20;2026-04-24;21;0;0;
04053;Châteauneuf-Val-Saint-Donat;04;analysee;;2023-08-17;35;253;21;2026-04-28;17;0;0;
05068;Jarjayes;05;analysee;;2023-08-31;35;257;18;2026-05-12;22;0;0;
05184;Vitrolles;05;analysee;;2023-08-22;35;257;55;2026-05-20;21;2;0;
05032;Champoléon;05;analysee;;2023-09-26;34;257;46;2026-05-21;9;4;0;
05090;La Motte-en-Champsaur;05;analysee;;2023-09-26;34;257;24;2026-04-23;21;0;0;
05091;Moydans;05;analysee;;2023-10-04;34;257;31;2026-04-28;14;3;0;
05111;Puy-Sanières;05;analysee;;2023-09-19;34;257;31;2026-05-15;21;1;0;
05134;Saint-Clément-sur-Durance;05;analysee;;2023-10-10;34;257;29;2026-03-13;22;0;0;
04067;Curel;04;analysee;;2023-10-16;33;253;19;2026-04-28;17;0;0;
06044;La Colle-sur-Loup;06;analysee;;2024-01-17;30;252;64;2026-05-26;17;0;0;
04066;Curbans;04;analysee;;2024-03-12;29;254;24;2026-03-26;23;0;0;
84126;Séguret;84;analysee;;2024-03-12;29;258;10;2025-09-11;16;0;0;
06001;Aiglun;06;analysee;;2024-03-29;28;252;11;2026-04-02;24;0;0;
04144;La Palud-sur-Verdon;04;analysee;;2024-04-09;28;254;21;2026-05-13;17;0;0;
05158;Le Saix;05;analysee;;2024-04-04;28;258;10;2026-05-04;22;0;0;
04139;Noyers-sur-Jabron;04;analysee;;2024-04-11;28;254;35;2026-05-28;21;0;0;
04206;Sigonce;04;analysee;;2024-04-03;28;254;17;2026-04-13;21;2;0;
04219;Thorame-Haute;04;analysee;;2024-04-04;28;254;61;2026-05-22;17;0;0;
04021;Barras;04;analysee;;2024-04-29;27;254;19;2026-04-23;17;0;0;
05014;Barret-sur-Méouge;05;analysee;;2024-05-06;27;258;20;2026-02-10;22;0;0;
04023;Bayons;04;analysee;;2024-05-06;27;254;51;2026-05-20;21;0;0;
04181;Saint-Jeannet;04;analysee;;2024-04-23;27;254;23;2026-05-20;17;0;0;
05165;Savournon;05;analysee;;2024-05-07;27;258;60;2026-04-24;19;0;0;
04203;Selonnet;04;analysee;;2024-04-25;27;254;73;2026-05-26;18;0;0;
04022;Barrême;04;analysee;;2024-05-16;26;254;40;2026-05-06;17;0;0;
05044;Crévoux;05;analysee;;2024-05-14;26;258;28;2026-04-20;22;0;0;
04040;Le Castellard-Mélan;04;analysee;;2024-05-24;26;254;25;2026-05-19;17;0;0;
04237;Le Vernet;04;analysee;;2024-05-15;26;254;62;2026-05-07;17;1;0;
05099;Oze;05;analysee;;2024-06-11;26;258;10;2026-04-27;22;0;0;
06111;Roure;06;analysee;;2024-05-21;26;251;26;2026-05-25;17;0;0;
05160;Salérans;05;analysee;;2024-06-07;26;258;21;2026-04-21;19;0;0;
05024;Valdoule;05;analysee;;2024-06-12;26;258;50;2026-05-27;22;0;0;
06049;Courmes;06;analysee;;2024-07-11;25;252;18;2026-04-16;24;0;0;
05019;La Beaume;05;analysee;;2024-07-05;25;258;61;2026-05-29;19;2;0;
05016;La Bâtie-Montsaléon;05;analysee;;2024-07-03;25;258;20;2026-04-10;19;2;0;
05082;Mont-Dauphin;05;analysee;;2024-07-09;25;258;9;2026-03-13;21;0;0;
05104;Poligny;05;analysee;;2024-07-02;25;258;24;2026-04-23;6;0;0;
04043;Val-de-Chalvagne;04;analysee;;2024-06-24;25;254;64;2026-05-27;17;0;0;
06002;Amirat;06;analysee;;2024-07-22;24;251;15;2026-05-28;24;0;0;
06062;Fontan;06;analysee;;2024-07-24;24;252;44;2026-05-27;18;2;0;
06070;Gréolières;06;analysee;;2024-07-19;24;252;67;2026-05-20;17;0;0;
05107;Puy-Saint-André;05;analysee;;2024-08-06;24;258;24;2026-04-01;19;1;0;
05117;Ribeyret;05;analysee;;2024-07-16;24;258;23;2026-05-27;19;0;0;
06113;Sainte-Agnès;06;analysee;;2024-08-09;24;252;18;2026-05-19;21;0;0;
06133;Sauze;06;analysee;;2024-07-30;24;251;29;2026-05-22;22;0;0;
05178;Ventavon;05;analysee;;2024-08-08;24;264;32;2026-05-13;22;0;0;
